<?xml version="1.0" encoding="UTF-8"?>
<project-private xmlns="http://www.netbeans.org/ns/project-private/1">
    <editor-bookmarks xmlns="http://www.netbeans.org/ns/editor-bookmarks/2" lastBookmarkId="0"/>
    <open-files xmlns="http://www.netbeans.org/ns/projectui-open-files/2">
        <group>
            <file>file:/C:/Users/skaut/Documents/NetBeansProjects/PBO_1303194010_MOD7_JURNAL_STO/src/Jurnal07/BangunDatar.java</file>
            <file>file:/C:/Users/skaut/Documents/NetBeansProjects/PBO_1303194010_MOD7_JURNAL_STO/src/Jurnal07/PersegiPanjang.java</file>
            <file>file:/C:/Users/skaut/Documents/NetBeansProjects/PBO_1303194010_MOD7_JURNAL_STO/src/Jurnal07/DriverBentuk.java</file>
            <file>file:/C:/Users/skaut/Documents/NetBeansProjects/PBO_1303194010_MOD7_JURNAL_STO/src/Jurnal07/Kubus.java</file>
            <file>file:/C:/Users/skaut/Documents/NetBeansProjects/PBO_1303194010_MOD7_JURNAL_STO/src/Jurnal07/PrismaSegi3.java</file>
            <file>file:/C:/Users/skaut/Documents/NetBeansProjects/PBO_1303194010_MOD7_JURNAL_STO/src/Jurnal07/Bentuk.java</file>
            <file>file:/C:/Users/skaut/Documents/NetBeansProjects/PBO_1303194010_MOD7_JURNAL_STO/src/Jurnal07/Lingkaran.java</file>
            <file>file:/C:/Users/skaut/Documents/NetBeansProjects/PBO_1303194010_MOD7_JURNAL_STO/src/Jurnal07/BangunRuang.java</file>
        </group>
    </open-files>
</project-private>
