<?xml version="1.0" encoding="UTF-8"?>
<project-private xmlns="http://www.netbeans.org/ns/project-private/1">
    <editor-bookmarks xmlns="http://www.netbeans.org/ns/editor-bookmarks/2" lastBookmarkId="0"/>
    <open-files xmlns="http://www.netbeans.org/ns/projectui-open-files/2">
        <group>
            <file>file:/C:/Users/skaut/Documents/NetBeansProjects/TP7_1303194010/src/TP07/BisaTerbang.java</file>
            <file>file:/C:/Users/skaut/Documents/NetBeansProjects/TP7_1303194010/src/TP07/Serangga.java</file>
            <file>file:/C:/Users/skaut/Documents/NetBeansProjects/TP7_1303194010/src/TP07/Koordinat3D.java</file>
            <file>file:/C:/Users/skaut/Documents/NetBeansProjects/TP7_1303194010/src/TP07/Koordinat.java</file>
            <file>file:/C:/Users/skaut/Documents/NetBeansProjects/TP7_1303194010/src/TP07/Lebah.java</file>
            <file>file:/C:/Users/skaut/Documents/NetBeansProjects/TP7_1303194010/src/TP07/Semut.java</file>
            <file>file:/C:/Users/skaut/Documents/NetBeansProjects/TP7_1303194010/src/TP07/DriverSerangga.java</file>
        </group>
    </open-files>
</project-private>
