<?xml version="1.0" encoding="UTF-8"?>
<project-private xmlns="http://www.netbeans.org/ns/project-private/1">
    <editor-bookmarks xmlns="http://www.netbeans.org/ns/editor-bookmarks/2" lastBookmarkId="0"/>
    <open-files xmlns="http://www.netbeans.org/ns/projectui-open-files/2">
        <group>
            <file>file:/C:/Users/skaut/Documents/NetBeansProjects/PBO_1303194010_MOD8_JURNAL_STO/src/Jurnal08/BangunDatar.java</file>
            <file>file:/C:/Users/skaut/Documents/NetBeansProjects/PBO_1303194010_MOD8_JURNAL_STO/src/Jurnal08/DriverBangunDatar.java</file>
            <file>file:/C:/Users/skaut/Documents/NetBeansProjects/PBO_1303194010_MOD8_JURNAL_STO/src/Jurnal08/Lingkaran.java</file>
            <file>file:/C:/Users/skaut/Documents/NetBeansProjects/PBO_1303194010_MOD8_JURNAL_STO/src/Jurnal08/PersegiPanjang.java</file>
            <file>file:/C:/Users/skaut/Documents/NetBeansProjects/PBO_1303194010_MOD8_JURNAL_STO/src/Jurnal08/Segitiga.java</file>
        </group>
    </open-files>
</project-private>
